distributor_id,distributor,location_id
1,Hand-Conn,127
2,Pollich Inc,283
3,"Stroman, Hamill and Grimes",458
4,Heathcote LLC,85
5,Keebler and Sons,542
6,Goyette Inc,71
7,Osinski Inc,162
8,"Donnelly, Crist and Daniel",137
9,Schmitt-Trantow,391
10,Doyle Inc,2
11,"Rau, Ondricka and Maggio",269
12,Lubowitz and Sons,28
13,Stoltenberg LLC,44
14,"Hilll, Klein and Doyle",437
15,"Konopelski, Pfannerstill and Heller",498
16,Farrell Inc,2
17,"Stamm, Kutch and Schoen",467
18,Lang-Feil,364
19,"Hoeger, Barrows and Lakin",181
20,Sawayn-Hettinger,54
21,McClure Group,158
22,Jacobs Group,444
23,Daugherty-Haley,459
24,Hettinger-Feeney,204
25,"Hand, Paucek and Wisoky",86
26,"Kshlerin, Dickinson and Steuber",279
27,Padberg-Gutkowski,521
28,"McGlynn, Miller and Windler",156
29,Cummings-Ward,169
30,"O'Conner, Terry and Franecki",555
31,"Ondricka, Borer and Carter",37
32,"Collier, Reynolds and Moen",31
33,Green-Gulgowski,500
34,Schimmel-Williamson,314
35,King LLC,453
36,"Deckow, Sanford and Raynor",427
37,Crist LLC,134
38,Marquardt-McKenzie,27
39,Bruen and Sons,114
40,Botsford-Carroll,1
41,Wolf and Sons,433
42,Hills LLC,495
43,Jenkins LLC,446
44,Larson Inc,68
45,Konopelski-Borer,67
46,Daniel-Welch,401
47,Runolfsdottir-Abernathy,94
48,Mayer Group,285
49,Rippin-Gusikowski,443
50,"Collins, Abbott and Tromp",531
51,Klein-Waelchi,89
52,Sanford and Sons,515
53,Goyette and Sons,528
54,Robel and Sons,163
55,"Rice, Considine and Lehner",135
56,Mosciski and Sons,414
57,Christiansen LLC,346
58,Grant Inc,512
59,"Ryan, Lowe and Howell",36
60,"Rempel, Vandervort and Willms",334
61,Cremin-Ward,229
62,Harber-Auer,508
63,Hayes-Corkery,35
64,Cremin-Luettgen,91
65,Reichert-Boyle,163
66,Koelpin-Aufderhar,50
67,Wisoky-Jaskolski,489
68,Greenfelder-Hilll,456
69,Mann Inc,197
70,"Kozey, Price and Bashirian",467
71,King-Hessel,376
72,"Brown, West and Kuphal",509
73,"Schmeler, Cremin and Mayert",483
74,Kemmer-Lakin,197
75,Bechtelar and Sons,348
76,Christiansen and Sons,91
77,Rippin-Schowalter,543
78,Crooks-Durgan,429
79,King-Lemke,50
80,Kemmer-Wehner,317
81,Huel Group,454
82,"Cremin, Osinski and Block",498
83,Schroeder and Sons,517
84,Grimes and Sons,189
85,Smitham LLC,264
86,Hansen Group,354
87,Haag LLC,45
88,Ernser-Willms,155
89,DuBuque-Stiedemann,521
90,Borer-Ratke,56
91,Jast Inc,61
92,Altenwerth LLC,429
93,"Stracke, Rolfson and O'Hara",213
94,Flatley Group,325
95,Rowe Inc,383
96,Hegmann and Sons,5
97,Olson-Rosenbaum,400
98,"Waters, Nienow and Schiller",429
99,"Berge, Legros and Murphy",214
100,Cruickshank-Rath,353
101,Hahn LLC,90
102,Predovic-Feeney,146
103,Labadie-Sanford,49
104,Stark-Ankunding,139
105,Jenkins-Williamson,353
106,"Hudson, Muller and Mills",442
107,Bradtke-Nienow,66
108,Blick-Leuschke,96
109,Brekke and Sons,57
110,West LLC,345
111,Gibson LLC,224
112,Halvorson-Fay,227
113,"Hamill, Runte and Jacobson",462
114,"Howe, Shanahan and Johnson",221
115,"Balistreri, Wisoky and Cartwright",494
116,Kuvalis LLC,350
117,Schamberger-Larkin,490
118,"Jacobson, Runolfsdottir and Lang",319
119,Carroll Group,396
120,Keeling-Brakus,226
121,Schroeder-Nitzsche,208
122,"Ferry, Miller and Pagac",337
123,Kihn-Hauck,541
124,Willms-Turcotte,53
125,Fritsch and Sons,154
126,Simonis Inc,21
127,"Erdman, Mayert and Abbott",375
128,Braun LLC,78
129,"Nicolas, Paucek and Barrows",275
130,"Little, Luettgen and Mosciski",406
131,Herzog and Sons,470
132,Runolfsson Group,537
133,Thiel Group,146
134,Ondricka Group,369
135,"Thiel, Koepp and Block",190
136,DuBuque-Nolan,141
137,"Witting, White and Wintheiser",412
138,"Herman, Schuppe and Schmidt",446
139,"Wintheiser, Swaniawski and Bogisich",281
140,Gottlieb Inc,481
141,"Herzog, Krajcik and Feil",155
142,Sporer-Sauer,386
143,DuBuque LLC,395
144,"Rempel, Donnelly and Harvey",231
145,"Corkery, Daugherty and Sauer",401
146,Kling-Lueilwitz,96
147,Murphy LLC,32
148,Hyatt-Krajcik,298
149,Larson-Bergstrom,58
150,Hyatt-Streich,258
151,"Bosco, Kirlin and Zemlak",516
152,Rogahn Group,108
153,Welch and Sons,3
154,Roob LLC,87
155,Zieme Inc,391
156,Hartmann Inc,492
157,Prohaska-Flatley,426
158,Hauck-Metz,499
159,"Mraz, Bergstrom and Stracke",92
160,Emard Inc,179
161,Maggio-Prohaska,409
162,"Lueilwitz, Waelchi and Kuhlman",561
163,"Beatty, Borer and Okuneva",189
164,Kuvalis Group,330
165,Grady LLC,320
166,Herzog-Friesen,75
167,Hartmann-Osinski,220
168,Raynor-Pouros,247
169,Quitzon-Beatty,516
170,Rohan-Bartell,357
171,"Hackett, Cormier and Fisher",283
172,Larson LLC,294
173,"Boyle, Pagac and Hermann",288
174,Reilly-Greenfelder,442
175,Legros Group,169
176,"Weissnat, Steuber and Bogan",347
177,"Legros, Rolfson and Lind",204
178,Cronin and Sons,538
179,Witting-Gleichner,432
180,Friesen and Sons,507
181,Hirthe LLC,516
182,Greenholt and Sons,96
183,Medhurst and Sons,442
184,Ernser-Bernier,415
185,Steuber-Zemlak,48
186,"Homenick, Hagenes and Corkery",421
187,Erdman-Schulist,283
188,Mraz and Sons,188
189,Wisoky Inc,513
190,Kuphal LLC,377
191,Monahan and Sons,491
192,"Schoen, Koelpin and Stamm",384
193,Swaniawski-Ullrich,289
194,Barton-Hammes,376
195,Ferry Inc,498
196,Wunsch LLC,298
197,Torp-Smitham,506
198,Zieme-Becker,277
199,Lowe and Sons,143
200,"Jast, Hudson and Moen",498
201,"VonRueden, Weimann and Hettinger",435
202,Fadel-Kovacek,372
203,"Langworth, Gutmann and Kihn",441
204,"Prohaska, Hirthe and Zboncak",532
205,"Steuber, Senger and Beatty",495
206,Hilpert-Borer,426
207,"Hoeger, Reichel and Beier",341
208,Pollich LLC,218
209,Bashirian-Rau,217
210,O'Connell-Hermiston,176
211,Konopelski-Roob,407
212,McGlynn-Collins,245
213,Schimmel Inc,379
214,Lind LLC,143
215,Greenholt LLC,135
216,Smith Inc,220
217,Stroman Inc,240
218,Kub Inc,501
219,Runte and Sons,363
220,"Beatty, Torp and Gusikowski",384
221,"Miller, Johnston and Gutkowski",283
222,"Konopelski, Collins and Rosenbaum",549
223,Hauck-Mayer,474
224,Hintz and Sons,122
225,"Reynolds, Gleichner and Skiles",532
226,"Weissnat, Cummerata and Kuphal",559
227,"Jakubowski, Zboncak and Rodriguez",31
228,Will Group,297
229,"Baumbach, Champlin and O'Connell",348
230,"Barton, Reynolds and Ziemann",124
231,"Gibson, Gerhold and Bode",371
232,"Blanda, Ondricka and Becker",109
233,"Zemlak, Jakubowski and Gleason",15
234,"Koepp, Hessel and Runolfsson",42
235,Koelpin and Sons,126
236,Wolff-Schowalter,513
237,Wiza-Johnson,337
238,Willms and Sons,56
239,Kling LLC,425
240,"Moore, Hagenes and Berge",218
241,"Koch, Lang and Mertz",286
242,"Cummerata, Veum and King",438
243,Emmerich-Fay,74
244,Osinski Group,140
245,Towne LLC,171
246,Windler LLC,444
247,Bernier Inc,525
248,Aufderhar-Runolfsdottir,399
249,"Weber, Moen and Lockman",210
250,"Bradtke, Brekke and Dach",151
251,"Pollich, Cummings and Renner",224
252,"Cummerata, Kiehn and Predovic",257
253,"Daugherty, Wilderman and Hackett",118
254,Lindgren and Sons,366
255,"Nitzsche, Farrell and Kunze",46
256,Erdman Inc,424
257,Wyman-Von,555
258,"Becker, Dare and Cassin",414
259,"Tromp, Koelpin and O'Keefe",285
260,Douglas Group,15
261,Luettgen Inc,31
262,Reichert-Robel,11
263,"Murazik, Kilback and Wisoky",483
264,Koch-Swaniawski,467
265,"Haag, Fahey and Schultz",494
266,"Jast, Waelchi and Cruickshank",186
267,Parisian LLC,173
268,Jakubowski LLC,299
269,"Bernier, Dickens and Deckow",59
270,"Hodkiewicz, Stehr and Mitchell",279
271,Toy and Sons,414
272,Larson-Kub,152
273,Jacobs Inc,131
274,Bailey Group,315
275,Zulauf-Mitchell,533
276,Harvey-Anderson,88
277,"Hane, Altenwerth and Wilkinson",393
278,Harvey Inc,403
279,"Little, Quitzon and Frami",527
280,"Witting, Block and Langworth",508
281,Becker and Sons,87
282,Heaney Inc,29
283,Wiegand-Sauer,288
284,Pagac-Heidenreich,274
285,Schinner Group,290
286,"Bauch, Jakubowski and Jakubowski",346
287,"Bergstrom, Mann and Ernser",40
288,Considine-Denesik,556
289,"Baumbach, Spinka and Fadel",146
290,Considine-Sipes,177
291,"Legros, Carroll and Thompson",441
292,Auer Group,557
293,"Turner, McLaughlin and Kemmer",403
294,Swift LLC,511
295,Prosacco-Gottlieb,15
296,Grimes Inc,109
297,Volkman LLC,186
298,Romaguera-Braun,183
299,"Heathcote, Bernier and Braun",355
300,Ebert LLC,261
301,"Aufderhar, Botsford and Satterfield",428
302,Upton-Doyle,32
303,"Morissette, Upton and Rodriguez",474
304,Sauer and Sons,550
305,Larkin-Watsica,334
306,"Howell, Simonis and Wilkinson",401
307,"Rau, Gibson and Smith",34
308,Reichel and Sons,523
309,Reinger Group,439
310,"Wolff, Jakubowski and Rice",396
311,Bailey-O'Keefe,382
312,"Maggio, Wilderman and McCullough",25
313,"Romaguera, Farrell and Johns",160
314,"Huel, Hoeger and Ullrich",293
315,Collins and Sons,378
316,Watsica-Dickinson,382
317,"Hayes, O'Keefe and Robel",256
318,Ernser and Sons,281
319,VonRueden-Kuhlman,354
320,Kilback-Anderson,549
321,Marvin-Rempel,338
322,Wunsch Group,418
323,Wisoky LLC,239
324,"Grimes, Mann and Weimann",329
325,Marks Inc,42
326,Dickens and Sons,505
327,"Wisozk, Barton and Thiel",12
328,Barton-Kohler,130
329,"Torp, Bashirian and Cronin",505
330,Conn-Krajcik,196
331,"Roberts, Frami and Zulauf",480
332,Kutch and Sons,1
333,"Lebsack, Wyman and Ratke",386
334,Lebsack-McGlynn,348
335,"Cassin, Bauch and O'Connell",82
336,Torphy-Reichel,81
337,Shanahan-Kilback,11
338,"Leannon, Murazik and Gulgowski",9
339,"Lind, Strosin and Crona",336
340,"Swaniawski, Lynch and Casper",436
341,Grady-Jacobs,199
342,"Monahan, Leuschke and Olson",513
343,McGlynn LLC,424
344,Grimes-Mills,384
345,Littel and Sons,29
346,Labadie-Welch,182
347,"Friesen, Considine and Fay",192
348,"Langworth, Vandervort and Bergnaum",305
349,"Miller, Friesen and Reichel",296
350,Considine Inc,327
351,Okuneva-Wuckert,326
352,Yundt-Willms,207
353,Mann Group,317
354,"Mante, Heidenreich and Wiegand",232
355,"Deckow, Turcotte and Bernhard",426
356,Green Inc,178
357,"Zboncak, Daugherty and Durgan",171
358,Dicki LLC,15
359,Weissnat Group,54
360,Wisozk-Kris,406
361,Goyette-Quigley,63
362,Watsica Group,256
363,Pouros-Schaefer,136
364,"Okuneva, Simonis and Hintz",42
365,"Conn, Becker and D'Amore",295
366,Brown-Pfannerstill,185
367,Walsh-Cummings,386
368,Bergstrom and Sons,520
369,"Klein, Mertz and Rempel",452
370,"Moore, Goldner and Ferry",254
371,"Gutkowski, Ernser and Luettgen",85
372,Sanford-Jacobson,377
373,"Monahan, Muller and Schneider",95
374,Wiegand-Mueller,491
375,Wiza LLC,466
376,Conroy Inc,234
377,"Keeling, Rolfson and Goyette",343
378,Schiller-Bartoletti,112
379,Gerlach Group,286
380,Boyer LLC,382
381,"VonRueden, Stiedemann and Wyman",24
382,Reynolds Inc,84
383,"Vandervort, Bosco and Herman",431
384,"Kohler, Greenholt and O'Keefe",213
385,Jones Inc,306
386,Green-Carroll,17
387,Tillman-Christiansen,127
388,Orn Inc,339
389,Fadel-Purdy,338
390,Klein-Senger,136
391,Braun Group,563
392,Greenfelder-Medhurst,269
393,Ortiz and Sons,450
394,Walker-Cremin,381
395,"Howe, Williamson and Mann",361
396,"Schoen, McDermott and Howell",101
397,Roberts-Morissette,192
398,Boehm and Sons,548
399,"Bayer, Price and Durgan",333
400,Stamm-Cruickshank,157
401,"VonRueden, Sanford and Fahey",518
402,Pacocha-Hettinger,549
403,Witting-Kihn,249
404,"Corwin, Ward and Hayes",266
405,Dietrich Group,52
406,Jacobson LLC,21
407,"Pfeffer, Hirthe and Crooks",172
408,Fadel-Jacobs,147
409,"Tillman, Wisoky and Morar",220
410,Sanford Inc,390
411,Abshire LLC,182
412,Wunsch Inc,35
413,Rowe-Maggio,474
414,Strosin and Sons,189
415,"Auer, Ritchie and Grimes",360
416,Jaskolski Inc,492
417,"Spencer, Feeney and Veum",356
418,"Williamson, Rogahn and Schuppe",213
419,"Collier, Conn and Steuber",550
420,Toy Inc,301
421,Wolf Group,390
422,"Kautzer, Paucek and Wunsch",501
423,"Hane, Sporer and Steuber",520
424,Farrell and Sons,28
425,"Wehner, Stanton and Yundt",388
426,"McDermott, Boyle and Waters",136
427,Adams and Sons,124
428,Schmidt-Runte,124
429,Reinger-Wolff,146
430,Baumbach and Sons,346
431,"Schulist, Haley and Hagenes",493
432,Goyette LLC,386
433,Kunde-Swift,349
434,Kuvalis and Sons,520
435,"Quigley, Deckow and Cummings",113
436,Toy-Fritsch,449
437,"O'Connell, Schumm and Kuvalis",135
438,"Conroy, Reilly and Reynolds",20
439,"Prosacco, Koepp and Olson",359
440,Olson LLC,218
441,Altenwerth-Hills,560
442,Towne-Moore,86
443,O'Conner Group,430
444,Cormier Group,209
445,"Fritsch, Upton and Orn",153
446,"Ferry, Brakus and Graham",77
447,"Bosco, Lemke and Rath",152
448,Spinka Inc,263
449,Parisian-Barrows,367
450,Hyatt-Borer,207
451,Gleason-Jakubowski,379
452,"Nicolas, Kuvalis and Tillman",74
453,Upton-Becker,397
454,"Prohaska, Purdy and Conroy",304
455,Gerlach-Murazik,250
456,Senger-Bergnaum,475
457,"Pollich, Hickle and Tremblay",23
458,Schmidt LLC,474
459,"Bode, Wolff and Rodriguez",196
460,Ebert Group,524
461,Dibbert-Cole,389
462,Wunsch-Schumm,556
463,Goyette Group,324
464,"Windler, Brekke and Hyatt",40
465,Doyle-Hintz,382
466,Russel Inc,75
467,Mertz Group,32
468,Roob-Padberg,267
469,"Hansen, Bruen and Nader",424
470,"Greenholt, Zulauf and Kohler",560
471,Waelchi-Kling,471
472,Hammes Group,93
473,"McLaughlin, Kassulke and Nitzsche",554
474,Ferry-Smith,433
475,"Shanahan, Schroeder and Haag",117
476,Nicolas Group,231
477,McKenzie and Sons,489
478,Gulgowski-Crona,478
479,Sipes-Stoltenberg,328
480,"Schuppe, Reichert and Wisozk",356
481,"Spencer, Kohler and Boehm",247
482,Wehner-Paucek,394
483,"Feest, Jast and Ortiz",368
484,Adams LLC,245
485,Miller-Kohler,208
486,"Williamson, Lynch and Johns",60
487,"Wilkinson, Harber and Koelpin",386
488,Kiehn LLC,33
489,"Wisozk, Crist and Braun",405
490,"Volkman, Volkman and Kunde",25
491,Frami-Stroman,120
492,"Heidenreich, Toy and Gislason",427
493,"Boyle, Pouros and Wehner",408
494,Wilderman and Sons,502
495,Weimann Group,258
496,Weimann-Konopelski,385
497,"Huels, Ledner and D'Amore",88
498,Blanda Group,239
499,Klein and Sons,415
500,Wilkinson and Sons,543
501,"Prosacco, Turner and Homenick",227
502,Ankunding-Koss,342
503,Heaney-Willms,260
504,"Herman, Turcotte and Osinski",112
505,"Sanford, Williamson and Kerluke",186
506,"Cole, Kuphal and Mante",407
507,"Becker, Goyette and Hills",345
508,Ledner Group,238
509,Muller and Sons,530
510,Herzog-Marquardt,239
511,Hermiston LLC,447
512,Rogahn-Grimes,493
513,Wolff Inc,93
514,"Schmidt, Vandervort and Treutel",462
515,Legros Inc,371
516,"Orn, Dietrich and O'Kon",424
517,"Dicki, Pagac and Corwin",340
518,Kuhic-Schroeder,70
519,Halvorson Inc,502
520,"Halvorson, D'Amore and Roob",460
521,"Kling, Stracke and Wintheiser",109
522,"Collins, Kutch and Gulgowski",396
523,"Wilkinson, Grant and Dach",433
524,Wolf Inc,242
525,"Johnson, Schimmel and Turcotte",222
526,Tremblay-Kris,499
527,Tillman Inc,212
528,Robel Group,9
529,"Parker, Beahan and Howell",222
530,McCullough Group,306
531,DuBuque-Reichel,514
532,"Feest, Vandervort and Blanda",249
533,Lebsack-Hermann,93
534,"Torphy, Bartoletti and Turcotte",80
535,"Krajcik, Kilback and Pollich",516
536,Donnelly-Mertz,245
537,"Koelpin, Adams and Osinski",401
538,Bergnaum-Stokes,332
539,Sawayn Group,332
540,Abbott Group,184
541,Schinner and Sons,427
542,"Lowe, Waters and Abshire",504
543,Gerhold-Kassulke,441
544,Schmidt-Weber,515
545,Anderson Group,359
546,"Kassulke, Jast and Zieme",546
547,Bashirian-Kuhn,393
548,Yost-Gottlieb,170
549,Miller-Gleason,278
550,"Balistreri, Batz and Marvin",520
551,"Jacobs, McDermott and Kunze",463
552,Reinger-Walter,438
553,"Rowe, Hickle and Ritchie",47
554,Stehr Inc,528
555,Dibbert and Sons,87
556,"Hartmann, Okuneva and Schoen",342
557,Hilpert-Emard,119
558,"Thompson, Williamson and Swift",498
559,"Reichel, Larkin and O'Kon",515
560,"Medhurst, Armstrong and Adams",136
561,Auer-Kunze,455
562,Shields Group,367
563,"Luettgen, Rempel and Prosacco",330
564,Breitenberg-Walker,353
565,Abernathy-Hayes,112
566,Klocko-Purdy,99
567,Volkman-Russel,131
568,Homenick Inc,199
569,"Abernathy, Kiehn and Yost",209
570,"Kozey, Emard and Heidenreich",527
571,Dare and Sons,8
572,Quigley-Turcotte,483
573,Dicki-Dach,531
574,"Okuneva, Lindgren and Friesen",94
575,Mante Inc,458
576,"Erdman, Gutmann and Runte",130
577,"Shanahan, Emard and Flatley",476
578,Fadel Inc,486
579,Bernier-Luettgen,411
580,O'Kon Group,384
581,Auer-Streich,475
582,Mitchell-Schulist,527
583,Kulas-Terry,523
584,MacGyver LLC,520
585,Rowe-Roberts,87
586,"Mohr, Wilkinson and Mertz",80
587,Heaney and Sons,186
588,Koch-DuBuque,159
589,"Boyer, Buckridge and Kunze",249
590,Ortiz-Heaney,383
591,"Effertz, Waters and Rath",136
592,Kuvalis-Konopelski,536
593,Bode LLC,29
594,Prosacco and Sons,306
595,"Stiedemann, Daniel and Volkman",388
596,Schinner-Hahn,393
597,Koch-Ratke,87
598,"Barrows, Sanford and Nitzsche",14
599,Schowalter LLC,202
600,"Langworth, Vandervort and O'Hara",147
601,Parker Inc,76
602,Kilback-Bechtelar,283
603,"Rice, Blanda and Renner",362
604,Marvin-Wolf,381
605,"Corkery, Marquardt and Willms",448
606,Legros LLC,326
607,Wiegand Inc,454
608,Cummings LLC,505
609,Lockman-Schneider,539
610,Kuhic LLC,121
611,Kihn-Dare,269
612,Breitenberg-Kihn,466
613,Heidenreich-Haley,376
614,Hayes and Sons,327
615,Kub-Schneider,70
616,Daugherty-Johns,58
617,Kutch-Runolfsson,41
618,Mitchell Group,39
619,"Kerluke, Barrows and Murazik",409
620,"Wisoky, Hahn and Watsica",321
621,Roberts and Sons,250
622,"Hansen, Balistreri and Ondricka",371
623,"Collier, Kertzmann and Rolfson",17
624,"Roberts, Hane and Jones",193
625,Mertz LLC,281
626,Keeling-Ritchie,210
627,"Kunde, Kutch and Jacobs",549
628,"O'Keefe, Macejkovic and Walker",461
629,Kuhic-Cummerata,178
630,"Abshire, Jaskolski and Stehr",103
631,Terry LLC,317
632,Moore Group,71
633,"Langosh, Turner and Cummerata",436
634,Grant-Gerhold,101
635,Lind-Roob,17
636,Kunde and Sons,125
637,"Bradtke, Hermiston and Schinner",220
638,"Reichert, McDermott and Ritchie",236
639,White-Botsford,4
640,Terry Group,499
641,Bode-Wuckert,93
642,Lehner Group,7
643,"Renner, McKenzie and Conn",262
644,"Bruen, Hagenes and Jacobs",546
645,Conn Group,188
646,Lang-Keebler,28
647,Kuphal Group,167
648,Brown-Keeling,162
649,"Gerhold, Cassin and Kling",263
650,Rice Inc,89
651,Quitzon-Lynch,473
652,Klein Inc,242
653,Tromp Group,187
654,Stamm Inc,379
655,"Schaden, Ullrich and Bahringer",476
656,"Borer, Huels and Nienow",488
657,Kris-Orn,311
658,Nikolaus Group,251
659,"Nader, Turner and Rosenbaum",516
660,Rosenbaum-Reynolds,346
661,Huel-Rau,510
662,Wolf-Sanford,251
663,Mann and Sons,161
664,"Hills, Orn and Franecki",340
665,Kunze and Sons,357
666,Schaden-Kautzer,332
667,"Bruen, Hyatt and Rice",210
668,Kuhn-Weber,75
669,"Ziemann, Kohler and Farrell",517
670,Cummerata LLC,191
671,Adams-Parker,245
672,"Kovacek, Collier and Schaefer",473
673,"Kuhic, Treutel and Vandervort",292
674,Stokes-Kub,378
675,Cruickshank-Okuneva,539
676,Walsh Group,106
677,"O'Conner, Glover and Pacocha",431
678,Mueller and Sons,546
679,Heaney LLC,198
680,Gutkowski-Howe,530
681,"Wilkinson, Dooley and Koss",19
682,"Feil, Little and Crist",543
683,Hansen and Sons,70
684,Kshlerin-Lemke,289
685,"Lemke, Abshire and Klein",147
686,Sporer and Sons,235
687,"Swaniawski, Beer and Fritsch",288
688,"White, Koss and Hagenes",405
689,Connelly-Schroeder,156
690,"Graham, Boyer and Brown",293
691,"Russel, Orn and Wyman",319
692,"Kerluke, Jones and Collins",146
693,Corkery Inc,232
694,"Flatley, Hahn and Nader",482
695,"Kreiger, O'Keefe and Harris",155
696,O'Conner-Paucek,219
697,"Gleichner, Bartell and Carter",510
698,Wilkinson-Prohaska,73
699,"Schinner, Bosco and Sporer",450
700,Carroll-Berge,142
701,Bailey-Harris,389
702,"Beahan, Kreiger and Friesen",404
703,"Padberg, Rempel and Farrell",547
704,Reichert-Goyette,416
705,Rowe LLC,45
706,Langosh Inc,79
707,Haley-Larson,519
708,Cormier-Ankunding,447
709,Hyatt Inc,207
710,Ratke-Price,539
711,Bednar and Sons,371
712,Wintheiser Inc,19
713,"Pfannerstill, Simonis and Auer",203
714,Flatley-Lakin,335
715,"Keebler, Deckow and Watsica",42
716,Kuphal Inc,319
717,Durgan and Sons,220
718,Blick Group,215
719,Kozey-Feeney,190
720,Daniel and Sons,202
721,"Kirlin, Cormier and Huels",307
722,"McDermott, Rau and Grimes",122
723,Stehr-Mitchell,519
724,"Dietrich, Rolfson and Bergnaum",119
725,Ritchie LLC,371
726,Jacobi-Haag,343
727,Kris-Johnson,7
728,"Cormier, Prosacco and Wilkinson",76
729,Zemlak Group,381
730,Schaden-Cassin,10
731,Willms-Brakus,7
732,Lesch-McGlynn,98
733,Marquardt and Sons,291
734,Douglas Inc,242
735,Daugherty Inc,158
736,Murazik-Crist,134
737,Toy LLC,372
738,Connelly-Ebert,538
739,"Beatty, Bruen and Cassin",153
740,"Ebert, Batz and Schumm",196
741,Legros and Sons,172
742,Roob-McCullough,209
743,"Prohaska, Langworth and Strosin",300
744,"Legros, Goyette and Hamill",354
745,Kirlin Group,187
746,Thiel LLC,179
747,Rolfson Inc,238
748,"Moen, Witting and Conroy",291
749,"Hodkiewicz, Ferry and Morissette",135
750,Johns and Sons,400
751,Casper-Kessler,176
752,Hickle Group,31
753,Bergnaum Inc,529
754,"Wintheiser, Conroy and Shanahan",192
755,Hessel Inc,116
756,Ritchie Group,508
757,Crooks-Oberbrunner,311
758,Schiller-Hermann,431
759,Crona-O'Keefe,457
760,"Turcotte, Mann and Keebler",379
761,"Jaskolski, Kassulke and Pfeffer",231
762,Murray-Lowe,357
763,Schinner Inc,270
764,Schuster and Sons,558
765,"Green, D'Amore and Prohaska",247
766,Schumm LLC,425
767,Miller-Lockman,149
768,Howe and Sons,349
769,"Mueller, Kuhlman and Langosh",213
770,"Crona, Pfeffer and Dare",34
771,Gutkowski and Sons,404
772,Murphy-Smith,237
773,Mraz-Gibson,157
774,"Reichel, Batz and Koss",338
775,Nikolaus Inc,504
776,Ullrich Group,484
777,Cronin LLC,353
778,"Kunde, Mraz and Wiza",49
779,Kuhn-Schaden,561
780,Streich-Hagenes,55
781,Balistreri-Jaskolski,521
782,Weissnat-Schimmel,246
783,VonRueden-Kohler,358
784,"Erdman, Schuppe and Bednar",516
785,Rowe-Schoen,152
786,"Stroman, Spencer and Hamill",120
787,Heidenreich LLC,7
788,"Braun, Bartell and Dooley",253
789,Oberbrunner and Sons,439
790,Zboncak-Langosh,221
791,O'Reilly-Schumm,498
792,Gorczany LLC,380
793,Fadel-Hammes,494
794,Tromp-Emard,508
795,Erdman-West,411
796,Miller and Sons,136
797,Bode-Feest,333
798,D'Amore and Sons,415
799,"Cole, Volkman and Mante",58
800,"Lemke, Marquardt and Swift",531
801,"Robel, Bruen and Waters",75
802,Stokes-Bruen,50
803,Schamberger-Legros,46
804,"Cronin, Carter and Kshlerin",397
805,Schiller-Ratke,281
806,Lind and Sons,486
807,Schiller Group,347
808,"Reilly, Hickle and Thiel",402
809,Weissnat Inc,264
810,O'Conner-Fisher,86
811,Lubowitz-Howell,27
812,Pfannerstill LLC,165
813,Streich Inc,159
814,Rippin-Wunsch,88
815,Schamberger and Sons,286
816,Hackett Group,10
817,Lehner LLC,256
818,"Grady, Kessler and Stokes",286
819,"Swift, Schumm and Wilderman",128
820,Emard-Marvin,184
821,"Hansen, Barrows and Collins",495
822,"Dare, Kohler and Wolf",91
823,"Franecki, Steuber and Schneider",28
824,"Batz, Herman and Cummerata",149
825,Sporer Inc,446
826,Lind Inc,419
827,"Pfeffer, Rau and Sawayn",422
828,"Cummings, Kunze and Stanton",298
829,"Douglas, Kessler and Jacobi",446
830,Harber-Armstrong,495
831,Von-Glover,129
832,Bashirian-Oberbrunner,200
833,"Schamberger, Koelpin and Fay",257
834,Barton-Schinner,385
835,Torp-Schaefer,162
836,"Abbott, Kirlin and Gerlach",8
837,Wintheiser-Pfeffer,408
838,Parisian Inc,408
839,Waters-Witting,225
840,"Schulist, Walker and Walter",196
841,"Leuschke, Walsh and Stiedemann",382
842,Schaefer-Klocko,330
843,Kihn Group,405
844,"Hartmann, Friesen and Towne",54
845,"Barrows, Kertzmann and Adams",471
846,Kertzmann-Nolan,102
847,"Hamill, Adams and Schneider",337
848,Steuber Group,124
849,Zieme-Jenkins,424
850,"VonRueden, West and Ledner",88
851,Ziemann Inc,400
852,Smith Group,36
853,Carroll-West,477
854,McClure-Jerde,457
855,Koch-Ledner,37
856,Turner-Schamberger,461
857,Ruecker LLC,182
858,"West, Lang and McLaughlin",234
859,Lueilwitz and Sons,367
860,Kling Group,519
861,"Kirlin, Steuber and Kertzmann",167
862,"Bahringer, Dibbert and Marquardt",87
863,Runolfsdottir-Greenfelder,449
864,"Kling, VonRueden and Mann",123
865,Sporer Group,344
866,"Balistreri, Kulas and Pagac",52
867,Johnston-Gottlieb,173
868,"Crooks, Breitenberg and Runolfsson",200
869,Heathcote and Sons,133
870,"Considine, Abernathy and Jast",363
871,Ortiz-Connelly,73
872,Yost LLC,361
873,Gulgowski-Johnston,104
874,Aufderhar-McGlynn,97
875,"Crooks, Bergstrom and Reichel",548
876,McLaughlin-Jenkins,30
877,Dooley-Bins,243
878,"Littel, Haag and Mertz",306
879,Williamson-Lubowitz,273
880,"Bergstrom, Will and Bogisich",146
881,Block-Schowalter,547
882,Schamberger Group,16
883,Little Inc,100
884,Friesen Group,324
885,Moen and Sons,137
886,"Stiedemann, Howe and Kshlerin",41
887,Gusikowski-McDermott,101
888,Fay-Collier,40
889,Jerde Group,199
890,Stamm-Ebert,98
891,Schultz-Kautzer,412
892,"Reynolds, Nikolaus and Hahn",323
893,Abernathy-Gibson,495
894,Rosenbaum Group,370
895,Kunde LLC,139
896,Hegmann LLC,120
897,"Bashirian, Medhurst and Fritsch",554
898,"Shanahan, Stoltenberg and Beier",111
899,Hills Group,75
900,Champlin and Sons,390
901,Johns-O'Kon,2
902,"Erdman, Cartwright and Reinger",440
903,Marquardt LLC,372
904,Reichert Inc,47
905,Klein-Flatley,337
906,Simonis-Haag,443
907,"Gutmann, Carroll and Tremblay",541
908,West and Sons,221
909,"Leuschke, Kulas and Altenwerth",92
910,Zieme-Wisozk,24
911,"Kohler, Bernhard and Hamill",369
912,Boyle LLC,87
913,"Bergnaum, Aufderhar and Armstrong",124
914,McLaughlin Group,474
915,Keeling and Sons,21
916,McDermott-Breitenberg,89
917,Abernathy-Hammes,440
918,McGlynn-Towne,251
919,"Bahringer, Bogisich and Larson",443
920,"Denesik, Schmidt and Wyman",402
921,Cremin and Sons,211
922,"Hayes, Hodkiewicz and Crist",407
923,Conn-Stanton,457
924,"VonRueden, Zboncak and Klein",141
925,Schroeder-Ullrich,279
926,McCullough LLC,173
927,Altenwerth Inc,192
928,Kling-Price,267
929,"Klocko, Ondricka and Ritchie",351
930,Schmidt Group,74
931,Streich Group,442
932,"Heidenreich, Becker and Bergstrom",546
933,"Cruickshank, Wehner and Schaden",244
934,"Swaniawski, Trantow and Corkery",260
935,"Dibbert, Davis and Schuster",61
936,Little-Hirthe,124
937,"Herzog, Fahey and Cartwright",526
938,"Green, Walsh and Kunde",368
939,Satterfield-Balistreri,524
940,Lang-Frami,201
941,"Pagac, Stokes and McGlynn",556
942,"Schmidt, Kovacek and Wyman",43
943,Predovic and Sons,257
944,"Gibson, Barrows and Quigley",494
945,Nienow-Sipes,25
946,"Lehner, Torphy and O'Connell",177
947,"Hirthe, Hirthe and Paucek",205
948,Altenwerth and Sons,528
949,Nitzsche-Veum,29
950,"Schmitt, Lemke and Feeney",450
951,Powlowski-Lakin,287
952,Welch Inc,244
953,Krajcik-Wyman,516
954,Maggio-Dickens,320
955,Flatley-Price,316
956,"Kunze, Abernathy and Hilpert",299
957,Senger Group,120
958,Wiza Inc,13
959,Becker-Huels,537
960,"Hayes, Carroll and Friesen",404
961,"Torphy, Satterfield and Sipes",74
962,White-Schulist,479
963,"Hettinger, Hodkiewicz and Johnston",68
964,"Stamm, Bahringer and Beier",22
965,Batz-Pfannerstill,218
966,"Daniel, Schulist and Weissnat",160
967,"Muller, Windler and Legros",530
968,Denesik-Deckow,247
969,Hand LLC,240
970,Heller-Wyman,84
971,Ratke Group,321
972,Lemke-McGlynn,215
973,"Bergstrom, Rogahn and Nolan",536
974,Bartoletti Inc,364
975,Altenwerth Group,24
976,Tromp-Thiel,40
977,Waelchi LLC,520
978,"Mills, Goldner and Simonis",442
979,Powlowski-Herzog,192
980,"Pfannerstill, Bergnaum and Olson",53
981,Morissette Inc,553
982,Hodkiewicz Inc,224
983,Kassulke LLC,40
984,Harvey and Sons,288
985,Hettinger Inc,499
986,"Durgan, Kilback and Walter",353
987,"Bode, Breitenberg and VonRueden",380
988,"Larkin, Klocko and Hauck",202
989,"Purdy, Steuber and Champlin",265
990,Bahringer and Sons,163
991,"Crona, Gutkowski and Hartmann",433
992,"Mills, Wisozk and Hauck",359
993,"Schuppe, Pfeffer and Hartmann",288
994,Luettgen LLC,412
995,Renner Group,107
996,Morissette-Bogan,31
997,Hills-Kuphal,363
998,Heaney-Walker,211
999,Hartmann Group,472
1000,"Robel, Zemlak and Hammes",179
1001,Wilderman-Parisian,97
1002,Kilback-Kuphal,133
1003,Ebert-Effertz,543
1004,"Nader, Crona and Blanda",209
1005,"Rice, Goodwin and Leffler",109
1006,Block-Larson,56
1007,Oberbrunner Inc,343
1008,Kling-Bartell,366
1009,Becker-Boehm,19
1010,Rutherford-Lueilwitz,9
1011,Feeney-Ritchie,72
1012,Adams Group,18
1013,"Kirlin, Krajcik and Schinner",45
1014,"Brown, Fay and Hayes",22
1015,Jerde-Bins,234
1016,"Weimann, Yost and Quitzon",475
1017,Rosenbaum LLC,102
1018,Fay LLC,518
1019,"Kohler, Haag and Kling",451
1020,Witting-Purdy,539
1021,"Goodwin, Erdman and Weissnat",208
1022,Nienow-Ernser,491
1023,"Jacobson, McKenzie and Purdy",326
1024,Jacobs LLC,334
1025,Krajcik-Nicolas,347
1026,"Senger, Glover and Bayer",413
1027,"Sporer, Schmeler and O'Reilly",32
1028,"Kulas, Padberg and Pfannerstill",131
1029,"Crona, O'Hara and Effertz",510
1030,Breitenberg and Sons,557
1031,"Hamill, Davis and Abernathy",123
1032,Kerluke and Sons,320
1033,Padberg-Mueller,328
1034,"Cole, Weimann and Gerlach",301
1035,Ratke LLC,231
1036,Feeney-Reinger,256
1037,Schamberger Inc,183
1038,Hilpert-Blick,349
1039,"Champlin, Lowe and Doyle",6
1040,Hamill LLC,106
1041,Veum and Sons,177
1042,Treutel and Sons,365
1043,Kuhn-Keebler,13
1044,"Jast, Klein and Hansen",541
1045,Little Group,41
1046,Murphy-Parisian,54
1047,"Quigley, Satterfield and Prosacco",315
1048,Davis Group,269
1049,Bahringer LLC,480
1050,"Lubowitz, Reichert and Kihn",227
1051,"Fadel, Kautzer and Cassin",255
1052,"Rice, Farrell and Rau",364
1053,Effertz Inc,382
1054,"Hoppe, Cruickshank and Buckridge",206
1055,"Cummings, Kemmer and Walker",519
1056,"Smitham, Fisher and Brakus",199
1057,"Johnson, Corkery and Dach",382
1058,Mueller-Beer,77
1059,West-Haley,119
1060,Ruecker and Sons,341
1061,"Gutmann, Gleason and Tillman",482
1062,"Feil, MacGyver and Schamberger",286
1063,"Collier, Gutkowski and Prohaska",82
1064,Oberbrunner LLC,522
1065,Kovacek-Rolfson,247
1066,"Jakubowski, Klein and Johnston",320
1067,Douglas-Bernier,527
1068,Cassin Inc,183
1069,Powlowski and Sons,308
1070,Nitzsche Inc,18
1071,Strosin Inc,135
1072,Pfannerstill Group,216
1073,Towne-Considine,445
1074,"Goyette, Ankunding and Gerlach",348
1075,Padberg-Gottlieb,537
1076,"Jacobs, Kshlerin and Bartoletti",118
1077,O'Connell-Johns,431
1078,Block LLC,259
1079,Hudson-Donnelly,259
1080,Ledner-Barton,469
1081,Leannon Group,254
1082,Runolfsson Inc,255
1083,Kerluke-Reinger,24
1084,Ferry-Hane,142
1085,"Heaney, Bogisich and Schamberger",32
1086,Wunsch-Bartell,413
1087,Zulauf-Kuvalis,241
1088,Cartwright-Emard,332
1089,"Jacobi, Carroll and Robel",507
1090,Runolfsson-Nader,229
1091,Lesch Group,58
1092,Wehner Group,367
1093,"Davis, Kiehn and Heller",169
1094,Hettinger LLC,269
1095,Cormier-Simonis,368
1096,Price-Mosciski,368
1097,Ritchie and Sons,190
1098,Kozey-Hammes,534
1099,Price-Carroll,381
1100,"Wiza, Ledner and Dickinson",365
1101,"Gislason, Robel and Harber",309
1102,"Klocko, Kling and Lemke",274
1103,"Kuvalis, Parker and Huels",458
1104,Langworth Group,102
1105,Gutmann LLC,476
1106,Ondricka-Bauch,289
1107,Larkin Inc,66
1108,"Kerluke, Bayer and Dach",88
1109,Bechtelar LLC,90
1110,"Watsica, Schumm and Luettgen",195
1111,Glover LLC,507
1112,Sauer-Erdman,126
1113,"Pacocha, Kirlin and Raynor",469
1114,"Von, Lynch and Lind",340
1115,Blick-Upton,322
1116,Walsh and Sons,373
1117,"Ebert, Kirlin and Waters",352
1118,Abbott and Sons,421
1119,Ullrich LLC,561
1120,"Homenick, West and Bruen",302
1121,"Armstrong, Feil and Ritchie",148
1122,"Pacocha, Raynor and Rippin",46
1123,"Torphy, Koch and Tillman",111
1124,Hahn and Sons,104
1125,Mosciski Group,270
1126,West Inc,452
1127,"Braun, Smith and Feil",178
1128,Walsh LLC,82
1129,Kertzmann-Feeney,119
1130,Zemlak-Wunsch,185
1131,Jenkins-Schmidt,64
1132,"McClure, Carter and Reichel",243
1133,"Nader, Kerluke and Stroman",50
1134,Stokes and Sons,283
1135,Bauch-Schaden,116
1136,Grant-Bauch,217
1137,Schowalter-Boyle,118
1138,Goodwin Inc,238
1139,Balistreri-Brekke,394
1140,Schuppe-Huel,176
1141,Lemke and Sons,394
1142,Gutmann-Jast,213
1143,"Goldner, Dickens and Muller",561
1144,"Muller, Bednar and Gulgowski",22
1145,Heidenreich and Sons,191
1146,"Gorczany, Hodkiewicz and Corkery",354
1147,Schimmel-Pagac,71
1148,"Senger, Witting and Farrell",165
1149,Ruecker-Bogisich,48
1150,Krajcik Inc,401
1151,Schroeder Group,464
1152,"Reichel, Waelchi and Becker",563
1153,Orn-Kirlin,224
1154,"Reinger, Spencer and Hills",59
1155,"Dibbert, Baumbach and Harvey",35
1156,Langosh-King,319
1157,Gutmann-Hauck,526
1158,"O'Reilly, Kunze and Gibson",339
1159,Kirlin-Vandervort,218
1160,"Wisoky, Wehner and Hermiston",12
1161,"Franecki, Yost and Buckridge",95
1162,Jacobi-Dicki,36
1163,Bernhard Group,257
1164,"Hartmann, Roberts and Fisher",325
1165,Kuhn-Fay,156
1166,Upton-Hilll,181
1167,"Greenfelder, Lindgren and Wisozk",482
1168,Feil Group,367
1169,"Williamson, Bailey and McLaughlin",169
1170,"Ryan, Bode and Koepp",398
1171,"Mosciski, Greenfelder and Durgan",246
1172,Roberts LLC,44
1173,Swift Group,237
1174,Sanford Group,417
1175,Miller-Gutmann,436
1176,Quitzon Group,295
1177,"Corwin, Witting and Crist",71
1178,"Kihn, Erdman and Ankunding",491
1179,"Torphy, Rohan and Durgan",283
1180,Volkman Group,255
1181,"McClure, Koepp and Conn",541
1182,"Hamill, Mante and Parker",345
1183,Brekke-Stiedemann,387
1184,Sipes-Mertz,78
1185,Stanton Group,482
1186,"Homenick, Wiza and Kautzer",485
1187,"Kessler, Goodwin and VonRueden",199
1188,Moore-Tillman,155
1189,"Collier, Pagac and Heaney",73
1190,Waelchi and Sons,339
1191,"Pfeffer, Williamson and Breitenberg",290
1192,"Kemmer, Vandervort and Goodwin",445
1193,"Rohan, Reinger and Ferry",306
1194,Cremin-Collins,196
1195,"Reichel, Gleason and Leannon",322
1196,Pagac-Ratke,472
1197,Homenick LLC,562
1198,Runolfsdottir-Schmeler,217
1199,Franecki-Ortiz,40
1200,Abernathy-Orn,207
1201,Conn Inc,441
1202,Walsh-Bailey,173
1203,Hilpert-Stanton,206
1204,Romaguera and Sons,332
1205,"Considine, Jacobs and Parisian",525
1206,Gottlieb and Sons,231
1207,Schulist-Bahringer,524
1208,"Leuschke, Pouros and Feil",403
1209,Hayes-Hudson,431
1210,"Gulgowski, Kuhn and Leuschke",458
1211,Pagac-Russel,437
1212,Witting-Schiller,468
1213,"Krajcik, Carroll and Ferry",301
1214,Mayer Inc,545
1215,McKenzie-Johnston,384
1216,Blanda Inc,288
1217,Berge Inc,206
1218,Leffler-Carter,194
1219,Kulas and Sons,136
1220,Rodriguez Inc,157
1221,"Stokes, Witting and Lang",504
1222,"Conn, Rutherford and O'Reilly",73
1223,Haley-Schumm,257
1224,"Beer, Gusikowski and Goyette",541
1225,"Lang, Cummings and Gottlieb",533
1226,Ankunding and Sons,296
1227,Rempel-Larson,22
1228,Jakubowski-Robel,44
1229,Olson-Hahn,324
1230,Block and Sons,239
1231,Schuster-Hermann,441
1232,"Dietrich, Ondricka and Harber",188
1233,Daugherty-Stiedemann,534
1234,Padberg-Sipes,124
1235,Tromp-Abshire,409
1236,Wolff Group,313
1237,Jacobson-Stamm,351
1238,Runolfsson LLC,183
1239,McGlynn-Howell,351
1240,Langworth-Hills,84
1241,Turner-Carroll,449
1242,Considine-Leffler,167
1243,"Jast, Flatley and Huel",13
1244,Gislason Inc,91
1245,Wiegand LLC,191
1246,Padberg-Mohr,60
1247,Heathcote-Towne,258
1248,"Carter, Kuvalis and Reichert",299
1249,Schultz-Sawayn,128
1250,Roberts-Tromp,304
1251,Johns-Heidenreich,249
1252,"Weber, Kuhic and Stokes",102
1253,Gutkowski-Wiegand,368
1254,O'Keefe Group,80
1255,"Medhurst, Olson and Hahn",375
1256,Conroy Group,545
1257,"Schmidt, Walter and Marquardt",457
1258,Crist Inc,59
1259,Rodriguez Group,421
1260,"Murray, Kautzer and Frami",304
1261,Abernathy-Reichel,53
1262,"Tillman, Bins and Simonis",79
1263,Watsica and Sons,411
1264,Feil and Sons,540
1265,"Rodriguez, Wisoky and Rutherford",187
1266,"Schroeder, Connelly and Flatley",269
1267,Sawayn-Mayert,373
1268,"Hegmann, Hansen and Wuckert",275
1269,"Lehner, Collins and Runolfsdottir",244
1270,Schuppe-Walter,224
1271,Casper-Rath,212
1272,Blick LLC,20
1273,"Johnston, Hane and Collier",358
1274,Johns-Heathcote,167
1275,Bartoletti-Bosco,369
1276,Ortiz-Frami,5
1277,Hills Inc,454
1278,Koch-Kutch,562
1279,Ritchie-Auer,303
1280,"Senger, Koch and Kutch",378
1281,Harvey Group,515
1282,"Adams, Kertzmann and Zemlak",472
1283,McKenzie-Schulist,383
1284,"Fritsch, Wisoky and Hoppe",410
1285,Morissette-Schowalter,334
1286,Swaniawski-Cartwright,461
1287,"Welch, Anderson and Kuhlman",178
1288,Koch-Olson,433
1289,"Reynolds, Ondricka and Hessel",179
1290,"Bosco, Berge and Kunde",495
1291,Hammes LLC,79
1292,Hilpert Inc,481
1293,O'Connell-Rowe,320
1294,"Frami, Murphy and Nienow",359
1295,"Adams, Bogisich and Zboncak",238
1296,"Pfeffer, Kling and Hahn",28
1297,Kerluke Inc,44
1298,Hickle LLC,232
1299,Frami LLC,396
1300,"Hermiston, Renner and Koelpin",88
1301,Klocko-Gutkowski,302
1302,"O'Reilly, Weber and Larkin",523
1303,Sipes LLC,332
1304,Daniel-Beer,452
1305,"Nikolaus, Ortiz and Kshlerin",302
1306,Cummerata Group,225
1307,"Morissette, Green and Deckow",277
1308,Hickle-Bernhard,374
1309,"Lebsack, Mitchell and Robel",140
1310,Baumbach-Hettinger,553
1311,Reynolds-Schultz,475
1312,Hammes and Sons,36
1313,"Kessler, Hane and Gibson",401
1314,Durgan Group,428
1315,Goodwin-Kutch,327
1316,"Stiedemann, Koch and Nienow",151
1317,Jenkins-Lakin,134
1318,Cronin-Howe,60
1319,"McLaughlin, Nikolaus and Hamill",423
1320,Conn and Sons,9
1321,Beatty and Sons,432
1322,"Lueilwitz, Beier and Bashirian",253
1323,Abernathy Inc,490
1324,"Langosh, Pfannerstill and Jast",128
1325,Volkman-Feeney,122
1326,Crooks-Conroy,546
1327,Kuhn and Sons,295
1328,"Schinner, Harvey and Boehm",294
1329,Miller-Bergnaum,214
1330,Dicki-Bahringer,444
1331,Ryan Group,27
1332,Dietrich-Kassulke,51
1333,Ernser-Kuhn,490
1334,"Conroy, Wisoky and Towne",504
1335,Beier and Sons,37
1336,"Streich, Keeling and Carter",506
1337,"Rutherford, Rolfson and Hoeger",421
1338,Hessel-Kshlerin,4
1339,"Franecki, Kunze and Ernser",394
1340,"Rutherford, Hilll and Fritsch",232
1341,Dare-Orn,452
1342,Cassin and Sons,123
1343,Strosin-Leuschke,117
1344,"Klocko, Ankunding and Glover",211
1345,Gorczany-Gutkowski,36
1346,Parisian Group,397
1347,Wiza Group,118
1348,"Bins, Metz and Collier",101
1349,Grady and Sons,28
1350,"Toy, Heaney and Mohr",293
1351,Ankunding-Oberbrunner,78
1352,Auer Inc,163
1353,"Bahringer, McLaughlin and Bahringer",38
1354,Ondricka-Gleason,171
1355,Mohr Group,560
1356,"Kautzer, Balistreri and Hintz",55
1357,Koelpin LLC,209
1358,Bogan LLC,563
1359,"Beer, Olson and Mayer",159
1360,Hettinger-McGlynn,474
1361,"Marquardt, Bergstrom and Legros",36
1362,Kiehn-Powlowski,275
1363,Kovacek Group,380
1364,"Bayer, Boyle and Ankunding",471
1365,"Ebert, Cruickshank and Herman",91
1366,"Abbott, Daniel and Grimes",351
1367,Waters-Hane,390
1368,"Muller, Schroeder and Mohr",456
1369,Welch Group,110
1370,Mante LLC,365
1371,Torphy-Jacobson,268
1372,"Kunze, Gusikowski and Schroeder",105
1373,Torp-Romaguera,251
1374,Gorczany and Sons,328
1375,Rohan-Dooley,32
1376,Cruickshank and Sons,265
1377,"Gusikowski, Miller and Ankunding",201
1378,"Okuneva, Jacobs and Mitchell",517
1379,Cummings-Lockman,228
1380,White Inc,67
1381,Reichel Group,410
1382,"MacGyver, Orn and Stehr",69
1383,Koepp Group,479
1384,Balistreri LLC,387
1385,Kemmer-Doyle,432
1386,Beahan-Schoen,317
1387,"Dibbert, Auer and Kunze",105
1388,"Koepp, Streich and Renner",37
1389,Stoltenberg-Bahringer,243
1390,"Rau, Renner and Waelchi",422
1391,"Tromp, Kutch and Feil",428
1392,Mraz Inc,440
1393,Rempel LLC,518
1394,"Balistreri, Stark and Ernser",43
1395,Cronin-Walker,327
1396,"Hahn, Conn and O'Kon",252
1397,Kassulke and Sons,345
1398,Reynolds-Dach,411
1399,O'Conner-Anderson,165
1400,Hirthe-Funk,313
1401,"Sauer, Streich and Kilback",49
1402,"Rau, Mosciski and McKenzie",67
1403,Pfannerstill and Sons,426
1404,"Reinger, Hudson and Quigley",247
1405,Huels-Franecki,343
1406,Gleason-Hand,557
1407,"Schoen, Howell and McLaughlin",97
1408,"Anderson, Braun and Mante",81
1409,VonRueden-Stracke,156
1410,"Dicki, Larkin and Thiel",75
1411,"O'Keefe, Cremin and Murazik",15
1412,"Boyle, Kub and Bernier",459
1413,Fahey Inc,436
1414,"Luettgen, Mayert and Goyette",450
1415,Dickinson Inc,353
1416,Buckridge Inc,297
1417,Rau-Barton,524
1418,Tremblay Group,169
1419,"Jenkins, O'Reilly and Miller",122
1420,Thompson and Sons,60
1421,Parker-Botsford,166
1422,Goodwin-Reynolds,554
1423,Price LLC,328
1424,Hyatt LLC,435
1425,"Gutmann, Ortiz and Daugherty",47
1426,"Quitzon, Fritsch and Rosenbaum",99
1427,Prosacco-Morissette,533
1428,Leuschke-Bayer,167
1429,Stiedemann and Sons,514
1430,"Feil, Kreiger and Corkery",421
1431,"Wiza, Greenfelder and MacGyver",511
1432,Kshlerin-Cruickshank,538
1433,Fadel-Hayes,152
1434,Terry and Sons,284
1435,"Fahey, Moore and Schowalter",38
1436,"Beier, Bruen and Lubowitz",67
1437,Cummerata-Keebler,551
1438,Zemlak-Hudson,551
1439,"Terry, Barton and Bradtke",534
1440,Powlowski Inc,55
1441,Ferry Group,117
1442,"McClure, Marvin and Murazik",296
1443,"Daniel, Wiza and Raynor",337
1444,Raynor and Sons,121
1445,Rice-Leannon,470
1446,Roob-Schaden,453
1447,Waelchi-Quitzon,423
1448,Yundt-Smith,295
1449,"Conroy, Thompson and Hintz",7
1450,"Murphy, Padberg and Ritchie",110
1451,Bergnaum LLC,125
1452,"Schuster, Tillman and Kovacek",216
1453,"Mayert, Cormier and Rutherford",197
1454,Macejkovic-Kerluke,153
1455,Treutel LLC,191
1456,"Rice, Pollich and Mosciski",90
1457,Ortiz-Mueller,9
1458,Marks-Walter,4
1459,Will Inc,398
1460,"Doyle, Rippin and Feil",372
1461,Wolff-Altenwerth,119
1462,Bogan Group,352
1463,"Kreiger, Leffler and Dibbert",42
1464,Bosco LLC,194
1465,Langworth-Schowalter,541
1466,"Kihn, Roberts and McLaughlin",196
1467,"Hirthe, Blanda and Price",71
1468,Smitham Inc,483
1469,"Barton, Reinger and Treutel",496
1470,Volkman and Sons,368
1471,Zulauf-Strosin,53
1472,Abernathy-West,529
1473,Johnston-Bartell,280
1474,"Wilderman, Corwin and Fahey",35
1475,Zieme LLC,314
1476,"Huel, Bashirian and Dicki",60
1477,Wilkinson Inc,31
1478,Herman LLC,397
1479,Davis-Maggio,400
1480,Gulgowski and Sons,433
1481,Jast-Howell,319
1482,"Littel, Cruickshank and Strosin",244
1483,"Becker, Berge and Dickinson",516
1484,Harris-Anderson,59
1485,Steuber-O'Keefe,395
1486,"Fritsch, Lindgren and Ziemann",114
1487,Champlin LLC,476
1488,Bosco and Sons,38
1489,Goldner Inc,112
1490,Carroll and Sons,115
1491,Huel LLC,479
1492,"Runolfsson, Littel and Terry",139
1493,Howell Group,319
1494,Hand-Goyette,297
1495,Buckridge-Murazik,479
1496,Fritsch LLC,101
1497,Bernhard-Daniel,390
1498,Purdy and Sons,375
1499,"Gerhold, Graham and Kertzmann",63
1500,Ernser Group,247
1501,Zemlak and Sons,172
1502,Jerde-Stiedemann,121
1503,Klein-Brown,342
1504,Simonis-Treutel,233
1505,"Bins, Smitham and Ankunding",247
1506,"Kulas, Torphy and Hyatt",226
1507,"Koch, Cole and Jacobi",373
1508,Dach-Mohr,227
1509,Littel Inc,486
1510,"Kovacek, Satterfield and Kautzer",443
1511,"Wolf, Hamill and Feest",284
1512,"D'Amore, Cummings and O'Kon",306
1513,McDermott and Sons,61
1514,Spencer-Ondricka,167
1515,Nicolas Inc,439
1516,Little-Walter,336
1517,Welch-Gibson,550
1518,Swaniawski Inc,308
1519,Schulist Inc,340
1520,Lind Group,544
1521,Ziemann and Sons,480
1522,Pouros-Dach,525
1523,"Abbott, Feil and Bayer",429
1524,Marks and Sons,454
1525,Simonis Group,29
1526,Collins LLC,387
1527,"Weimann, Swift and Torp",242
1528,Johns Group,53
1529,Will-Haley,159
1530,Rippin Group,296
1531,"O'Keefe, Harris and Cronin",392
1532,Morissette LLC,229
1533,Heidenreich Inc,290
1534,"Carter, Dicki and Von",434
1535,"Lowe, Leffler and Gutkowski",277
1536,"Smith, Mosciski and Kirlin",456
1537,Hirthe-Larkin,17
1538,Keeling-Hayes,313
1539,"Stoltenberg, Schultz and Veum",211
1540,Von Inc,413
1541,Kihn and Sons,100
1542,Kozey-Hoppe,460
1543,Heidenreich-Collins,309
1544,Wilderman LLC,163
1545,"Lockman, Spencer and Jacobi",167
1546,"McKenzie, Borer and O'Kon",199
1547,Bradtke Group,245
1548,Osinski-Runte,380
1549,Rowe Group,517
1550,"Walker, Gutmann and Von",456
1551,Treutel-Harvey,250
1552,Haley-Greenholt,489
1553,Mraz Group,523
1554,Hayes Group,208
1555,"Stark, Kuphal and Hills",105
1556,"Steuber, Powlowski and Roberts",156
1557,Abernathy-Haley,418
1558,Cartwright-Ziemann,337
1559,Hammes-Heller,22
1560,Volkman-Goyette,42
1561,"Schmidt, Marvin and Lindgren",264
1562,Dicki and Sons,273
1563,Lind-Abshire,474
1564,Koss Inc,336
1565,Auer-Daugherty,350
1566,Gerhold Inc,85
1567,"Beahan, Armstrong and McDermott",311
1568,Oberbrunner-Larson,130
1569,Hintz LLC,10
1570,Schneider Inc,64
1571,"Block, Nolan and Maggio",375
1572,"Moore, Howe and Lueilwitz",347
1573,"Ryan, Murazik and Pouros",222
1574,"Hickle, Klein and O'Hara",79
1575,Schiller and Sons,125
1576,"Spinka, Corwin and Mitchell",1
1577,"Hane, Muller and Grant",226
1578,Ledner-Breitenberg,85
1579,"Wyman, Fay and Hyatt",178
1580,Smith-Jakubowski,171
1581,Abshire and Sons,451
1582,"Turner, Oberbrunner and Stoltenberg",228
1583,Lynch-Collier,315
1584,"Heller, Schultz and Grady",411
1585,Gleason-Grant,410
1586,Kunde-Parisian,206
1587,Fritsch-Ondricka,563
1588,Huel-Bergstrom,307
1589,Schultz-Parisian,319
1590,Lehner Inc,380
1591,Gleason-Schiller,388
1592,Bradtke-Erdman,279
1593,"Turcotte, Mraz and Hermiston",27
1594,Reichert-Kutch,185
1595,Dietrich-Schoen,342
1596,"O'Reilly, Abbott and Weissnat",382
1597,Bins-Beer,199
1598,Jenkins-Spinka,424
1599,Orn-Bogan,169
1600,Bruen-Donnelly,515
1601,Rogahn and Sons,302
1602,Bartell-Denesik,557
1603,Price-Romaguera,561
1604,Dickinson-Franecki,276
1605,"Ritchie, Strosin and Padberg",323
1606,Ryan-Bernhard,201
1607,VonRueden Group,183
1608,Hauck LLC,456
1609,"Tromp, Quitzon and Mayer",471
1610,Borer-Waters,145
1611,"Bogan, Bins and Mohr",460
1612,Mayer-Lubowitz,238
1613,"Sauer, Carter and Shields",373
1614,Turner Inc,336
1615,"Gerlach, Anderson and Kris",76
1616,"Cremin, Schaden and Russel",246
1617,Simonis LLC,202
1618,"Sipes, Sawayn and Kunde",553
1619,Goodwin LLC,485
1620,Hettinger Group,549
1621,"Hand, Mohr and Harvey",467
1622,"Ortiz, Rath and Treutel",378
1623,Durgan-Deckow,197
1624,Schowalter-Grant,314
1625,Zboncak Group,193
1626,"Stanton, Bruen and Leuschke",132
1627,Hand-Deckow,163
1628,Davis-Gerlach,354
1629,Dickens Group,117
1630,McLaughlin and Sons,129
1631,Corkery LLC,111
1632,Wolf-Bauch,14
1633,Morar-Reichel,412
1634,"Doyle, Hayes and Haley",168
1635,Grimes-Cartwright,177
1636,"Conn, Langosh and Bahringer",26
1637,"Heaney, Kassulke and Wiza",367
1638,Gusikowski-Schoen,546
1639,McCullough-Emard,62
1640,Bednar Group,405
1641,"Durgan, Lehner and Labadie",437
1642,Gutmann and Sons,353
1643,Pouros LLC,555
1644,"Koss, Dicki and Berge",361
1645,"Fritsch, Larson and Yost",56
1646,"Gleichner, Reilly and Hickle",471
1647,O'Keefe-Pacocha,133
1648,Lindgren-Hagenes,473
1649,Kertzmann Inc,375
1650,Schiller LLC,419
1651,"Heaney, Douglas and Larkin",49
1652,Mitchell-Torphy,209
1653,Lockman Inc,85
1654,Langworth-Pouros,226
1655,Zulauf-Thiel,345
1656,Daniel-Kilback,245
1657,Block Inc,37
1658,Hettinger-Braun,283
1659,Abernathy Group,183
1660,O'Connell and Sons,160
1661,"Powlowski, Kassulke and Collins",407
1662,Senger and Sons,2
1663,"Bode, Parisian and Kohler",407
1664,"Bosco, Barrows and Hamill",121
1665,Willms-Kilback,83
1666,"Marks, Walker and Streich",519
1667,"Mitchell, Tremblay and Berge",543
1668,Kreiger-Strosin,30
1669,"O'Connell, Dickens and Kunze",538
1670,Kertzmann Group,161
1671,Friesen-Spinka,527
1672,Smith-Halvorson,146
1673,"Deckow, Zemlak and Block",113
1674,"Legros, Kiehn and Orn",34
1675,"Murray, Dicki and Wisoky",157
1676,Lubowitz-Senger,392
1677,"Raynor, Prohaska and Lueilwitz",477
1678,Hauck-Hammes,376
1679,Windler-Baumbach,112
1680,Bednar LLC,491
1681,Nienow-Rogahn,160
1682,Cronin-Rosenbaum,549
1683,Denesik-Larson,118
1684,Batz LLC,186
1685,Hettinger and Sons,304
1686,"Johnston, Denesik and Barton",28
1687,Stark-Turner,406
1688,Russel-Steuber,264
1689,"Lowe, Schiller and Nader",535
1690,Bergnaum-Williamson,155
1691,Muller-Wilderman,77
1692,Goyette-Anderson,94
1693,"Hermiston, Padberg and Renner",306
1694,Mertz and Sons,395
1695,"Ziemann, Goodwin and Hodkiewicz",194
1696,Willms-Dibbert,502
1697,"Jast, Yundt and Luettgen",78
1698,Schroeder-Williamson,123
1699,"Gerhold, Wuckert and Ankunding",454
1700,Cassin-Goodwin,46
1701,"Will, Dach and Aufderhar",213
1702,Boehm-Brown,462
1703,"Bartell, Jacobson and Johnston",343
1704,Murphy-Bednar,137
1705,Huels-Turner,558
1706,Johnson-Powlowski,449
1707,Cronin-Zulauf,58
1708,"Denesik, Cronin and Schmitt",212
1709,"Pacocha, Koelpin and Schamberger",256
1710,"Lesch, Reinger and Russel",387
1711,"Langosh, Wisoky and Heller",205
1712,"Kirlin, Kshlerin and Cruickshank",165
1713,Watsica-Thompson,161
1714,Bernier-Legros,176
1715,Kerluke LLC,44
1716,Moen-Koelpin,139
1717,"Wisozk, Cartwright and Bartoletti",173
1718,Gerhold-Zulauf,92
1719,Borer-Schulist,310
1720,Funk and Sons,191
1721,"Bergstrom, Schiller and Douglas",560
1722,Upton LLC,560
1723,Sipes and Sons,102
1724,Rau-Runolfsson,404
1725,"Windler, Upton and Okuneva",272
1726,Kilback-Gleichner,528
1727,Tromp-Pagac,496
1728,Carter-Berge,261
1729,Gerlach-Wuckert,241
1730,"Herzog, Trantow and Fahey",239
1731,Bernhard-Robel,512
1732,"Beatty, Kihn and Weissnat",115
1733,"McClure, Stehr and Lesch",549
1734,Kertzmann-Leffler,344
1735,Herzog-Kunde,12
1736,Gulgowski-Lockman,330
1737,Mertz-Jerde,477
1738,Johnston Group,272